,ts_code,trade_date,open,high,low,close,pre_close,change,pct_chg,vol,amount
0,688385.SH,20240913,25.2,25.33,24.3,24.38,25.18,-0.8,-3.1771,43258.21,106793.726
1,688385.SH,20240912,25.46,25.88,25.18,25.18,25.32,-0.14,-0.5529,27362.61,69745.831
2,688385.SH,20240911,25.36,25.49,25.14,25.32,25.51,-0.19,-0.7448,26289.54,66467.626
3,688385.SH,20240910,25.37,25.78,24.7,25.51,25.35,0.16,0.6312,40413.2,101805.62
4,688385.SH,20240909,25.78,25.99,25.19,25.35,25.79,-0.44,-1.7061,37172.31,94712.749
5,688385.SH,20240906,26.83,26.83,25.75,25.79,26.78,-0.99,-3.6968,35016.62,91388.876
6,688385.SH,20240905,26.73,27.09,26.58,26.78,26.74,0.04,0.1496,25654.42,68818.827
7,688385.SH,20240904,26.41,26.98,26.3,26.74,26.69,0.05,0.1873,24122.79,64426.138
8,688385.SH,20240903,26.48,26.99,26.36,26.69,26.41,0.28,1.0602,31449.04,83856.077
9,688385.SH,20240902,27.58,27.69,26.4,26.41,27.69,-1.28,-4.6226,47862.49,128655.726
10,688385.SH,20240830,26.86,28.17,26.75,27.69,26.88,0.81,3.0134,66112.79,183229.021
11,688385.SH,20240829,25.8,27.25,25.46,26.88,25.71,1.17,4.5508,63044.25,168161.725
12,688385.SH,20240828,25.9,26.1,25.47,25.71,25.9,-0.19,-0.7336,35732.92,92050.792
13,688385.SH,20240827,26.74,26.76,25.8,25.9,26.65,-0.75,-2.8143,39211.28,102215.609
14,688385.SH,20240826,26.86,27.13,26.51,26.65,26.68,-0.03,-0.1124,29009.85,77690.198
15,688385.SH,20240823,26.85,26.98,26.32,26.68,26.81,-0.13,-0.4849,34024.98,90561.651
16,688385.SH,20240822,27.35,27.41,26.68,26.81,27.39,-0.58,-2.1176,44922.73,121018.822
17,688385.SH,20240821,27.59,27.85,27.34,27.39,27.71,-0.32,-1.1548,33546.62,92237.246
18,688385.SH,20240820,28.88,28.88,27.52,27.71,28.72,-1.01,-3.5167,65872.54,184308.564
19,688385.SH,20240819,29.83,29.95,28.71,28.72,29.79,-1.07,-3.5918,49733.36,145474.19
20,688385.SH,20240816,30.38,30.39,29.5,29.79,30.23,-0.44,-1.4555,49701.5,148246.669
21,688385.SH,20240815,30.66,31.04,30.1,30.23,30.28,-0.05,-0.1651,43232.15,131695.908
22,688385.SH,20240814,30.66,30.78,30.28,30.28,30.65,-0.37,-1.2072,21263.23,64831.65
23,688385.SH,20240813,30.21,30.68,30.08,30.65,30.19,0.46,1.5237,29034.25,88089.461
24,688385.SH,20240812,30.11,30.4,29.68,30.19,30.32,-0.13,-0.4288,33340.93,100207.79
25,688385.SH,20240809,31.16,31.4,30.32,30.32,30.71,-0.39,-1.2699,45239.48,139180.327
26,688385.SH,20240808,30.79,31.4,30.05,30.71,30.98,-0.27,-0.8715,53287.77,163477.198
27,688385.SH,20240807,30.69,31.45,30.52,30.98,30.94,0.04,0.1293,40772.53,126559.385
28,688385.SH,20240806,30.92,31.2,30.48,30.94,30.38,0.56,1.8433,39460.11,121617.129
29,688385.SH,20240805,31.4,32.18,30.38,30.38,31.85,-1.47,-4.6154,67434.34,210630.136
30,688385.SH,20240802,32.65,33.23,31.7,31.85,33.08,-1.23,-3.7183,67091.43,217983.958
31,688385.SH,20240801,32.99,33.59,32.66,33.08,33.17,-0.09,-0.2713,93059.69,308109.877
32,688385.SH,20240731,31.91,33.22,31.91,33.17,32.21,0.96,2.9804,94926.55,311863.994
33,688385.SH,20240730,30.6,32.38,30.0,32.21,30.98,1.23,3.9703,86651.18,272086.729
34,688385.SH,20240729,31.11,32.5,30.98,30.98,31.14,-0.16,-0.5138,70576.04,223837.093
35,688385.SH,20240726,30.24,31.63,29.72,31.14,30.44,0.7,2.2996,69834.9,214207.92
36,688385.SH,20240725,30.45,31.27,30.32,30.44,30.76,-0.32,-1.0403,44522.48,136567.8
37,688385.SH,20240724,31.51,31.98,30.63,30.76,31.51,-0.75,-2.3802,60095.38,187790.446
38,688385.SH,20240723,32.9,32.98,31.5,31.51,33.1,-1.59,-4.8036,77755.78,250710.257
39,688385.SH,20240722,33.5,33.92,32.93,33.1,33.5,-0.4,-1.194,95424.13,318662.31
40,688385.SH,20240719,32.02,33.54,31.56,33.5,31.76,1.74,5.4786,130867.53,429508.599
41,688385.SH,20240718,31.89,32.38,30.81,31.76,32.21,-0.45,-1.3971,94087.28,296726.13
42,688385.SH,20240717,32.82,33.12,32.21,32.21,32.91,-0.7,-2.127,59916.57,195524.001
43,688385.SH,20240716,31.66,33.1,31.32,32.91,31.85,1.06,3.3281,92986.89,301307.163
44,688385.SH,20240715,31.85,32.54,31.75,31.85,32.1,-0.25,-0.7788,54330.77,174596.692
45,688385.SH,20240712,31.8,32.48,31.48,32.1,32.14,-0.04,-0.1245,54656.25,174606.821
46,688385.SH,20240711,32.1,32.6,31.65,32.14,31.55,0.59,1.87,67782.52,217480.706
47,688385.SH,20240710,31.4,31.85,31.27,31.55,31.6,-0.05,-0.1582,50313.39,158952.11
48,688385.SH,20240709,30.32,31.92,30.2,31.6,30.45,1.15,3.7767,94820.37,296260.472
49,688385.SH,20240708,29.68,31.38,29.51,30.45,29.69,0.76,2.5598,102639.44,314640.572
50,688385.SH,20240705,29.37,29.89,28.83,29.69,29.51,0.18,0.61,55325.85,162550.158
51,688385.SH,20240704,30.37,30.55,29.45,29.51,30.34,-0.83,-2.7357,52826.83,157763.649
52,688385.SH,20240703,30.19,30.87,29.4,30.34,30.18,0.16,0.5302,66011.26,198999.558
53,688385.SH,20240702,30.91,30.98,29.99,30.18,30.91,-0.73,-2.3617,59251.24,180027.417
54,688385.SH,20240701,31.47,31.56,30.06,30.91,31.38,-0.47,-1.4978,74652.18,229515.392
55,688385.SH,20240628,29.85,32.77,29.75,31.38,29.83,1.55,5.1961,131201.62,414277.896
56,688385.SH,20240627,30.44,30.66,29.83,29.83,30.63,-0.8,-2.6118,58729.56,176863.808
57,688385.SH,20240626,29.61,30.71,29.05,30.63,29.53,1.1,3.725,82903.73,247281.299
58,688385.SH,20240625,31.58,31.75,29.33,29.53,31.54,-2.01,-6.3729,113745.49,342658.908
59,688385.SH,20240624,33.33,33.75,31.38,31.54,33.4,-1.86,-5.5689,96045.76,311806.248
60,688385.SH,20240621,32.9,33.68,32.17,33.4,33.37,0.03,0.0899,90535.79,299610.583
61,688385.SH,20240620,32.83,34.6,32.79,33.37,32.89,0.48,1.4594,143643.54,485414.828
62,688385.SH,20240619,33.78,33.98,32.58,32.89,33.78,-0.89,-2.6347,107674.24,355784.766
63,688385.SH,20240618,34.34,34.34,33.5,33.78,34.18,-0.4,-1.1703,84873.9,286875.781
64,688385.SH,20240617,33.1,34.65,33.01,34.18,33.14,1.04,3.1382,120107.11,409487.005
65,688385.SH,20240614,34.0,34.6,33.14,33.14,34.11,-0.97,-2.8437,174604.1,590069.749
66,688385.SH,20240613,33.74,35.22,33.58,34.11,33.86,0.25,0.7383,136865.43,471283.7
67,688385.SH,20240612,33.52,34.03,33.33,33.96,33.81,0.15,0.4437,104302.92,351474.664
68,688385.SH,20240611,31.75,33.88,31.54,33.81,31.7,2.11,6.6562,133225.26,439206.872
69,688385.SH,20240607,32.68,32.9,31.45,31.7,32.6,-0.9,-2.7607,88061.64,281872.383
70,688385.SH,20240606,32.99,33.41,32.05,32.6,32.78,-0.18,-0.5491,100508.24,328228.236
71,688385.SH,20240605,32.7,33.64,32.43,32.78,32.62,0.16,0.4905,96652.01,320694.817
72,688385.SH,20240604,32.41,32.87,32.04,32.62,32.64,-0.02,-0.0613,85089.0,275144.454
73,688385.SH,20240603,31.4,33.09,31.26,32.64,31.2,1.44,4.6154,166821.13,541675.994
74,688385.SH,20240531,31.09,31.42,30.62,31.2,31.13,0.07,0.2249,86829.49,270093.261
75,688385.SH,20240530,29.26,31.48,28.76,31.13,29.37,1.76,5.9925,135146.32,413701.129
76,688385.SH,20240529,29.24,29.75,29.11,29.37,29.42,-0.05,-0.17,51790.08,152419.15
77,688385.SH,20240528,29.08,30.49,28.72,29.42,28.86,0.56,1.9404,111741.69,332123.689
78,688385.SH,20240527,28.41,28.86,27.1,28.86,28.66,0.2,0.6978,113177.33,315759.578
79,688385.SH,20240524,29.43,29.76,28.58,28.66,29.43,-0.77,-2.6164,46147.01,134074.158
80,688385.SH,20240523,30.05,30.2,29.4,29.43,30.19,-0.76,-2.5174,44855.16,132967.423
81,688385.SH,20240522,30.48,30.52,29.66,30.19,30.32,-0.13,-0.4288,57994.67,174257.715
82,688385.SH,20240521,31.58,31.59,30.22,30.32,31.57,-1.25,-3.9595,63867.24,195882.417
83,688385.SH,20240520,31.25,32.0,31.01,31.57,31.27,0.3,0.9594,47160.14,148696.789
84,688385.SH,20240517,30.59,31.32,30.4,31.27,30.77,0.5,1.625,43684.66,135107.988
85,688385.SH,20240516,30.7,31.3,30.59,30.77,30.62,0.15,0.4899,44492.42,137572.08
86,688385.SH,20240515,31.18,31.39,30.58,30.62,31.31,-0.69,-2.2038,37828.51,116999.774
87,688385.SH,20240514,31.78,32.1,31.18,31.31,31.56,-0.25,-0.7921,38089.96,119899.227
88,688385.SH,20240513,32.39,32.58,31.48,31.56,32.7,-1.14,-3.4862,53067.12,169135.908
89,688385.SH,20240510,33.2,33.37,32.57,32.7,33.26,-0.56,-1.6837,45921.34,150569.587
90,688385.SH,20240509,32.64,33.5,32.47,33.26,32.43,0.83,2.5594,66533.67,220020.926
91,688385.SH,20240508,32.98,33.59,32.41,32.43,33.03,-0.6,-1.8165,53253.17,175556.346
92,688385.SH,20240507,32.92,33.7,32.52,33.03,32.99,0.04,0.1212,69173.61,228767.401
93,688385.SH,20240506,33.04,33.82,32.92,32.99,32.35,0.64,1.9784,77572.89,259008.591
94,688385.SH,20240430,33.02,33.2,32.3,32.35,32.42,-0.07,-0.2159,66341.4,216535.462
95,688385.SH,20240429,31.48,32.81,31.43,32.42,31.48,0.94,2.986,83731.2,269615.49
96,688385.SH,20240426,31.01,31.75,30.92,31.48,31.22,0.26,0.8328,82274.75,258382.444
97,688385.SH,20240425,31.14,32.18,31.0,31.22,31.68,-0.46,-1.452,63072.16,198991.416
98,688385.SH,20240424,30.5,31.94,30.47,31.68,30.36,1.32,4.3478,78990.94,248029.888
99,688385.SH,20240423,30.87,31.46,30.32,30.36,31.02,-0.66,-2.1277,49122.2,150935.313
100,688385.SH,20240422,29.66,31.15,28.9,31.02,30.06,0.96,3.1936,74647.48,227086.037
101,688385.SH,20240419,30.71,30.77,30.02,30.06,30.96,-0.9,-2.907,49823.77,150985.376
102,688385.SH,20240418,31.31,31.57,30.55,30.96,31.32,-0.36,-1.1494,70244.17,218494.759
103,688385.SH,20240417,28.8,31.49,28.75,31.32,28.31,3.01,10.6323,117303.63,357814.157
104,688385.SH,20240416,29.85,30.1,28.26,28.31,30.0,-1.69,-5.6333,60769.83,176960.491
105,688385.SH,20240415,28.8,30.91,28.67,30.0,28.67,1.33,4.639,108892.19,324715.527
106,688385.SH,20240412,29.23,29.55,28.61,28.67,29.22,-0.55,-1.8823,47674.91,138317.172
107,688385.SH,20240411,29.26,29.85,29.12,29.22,29.26,-0.04,-0.1367,43439.69,128017.676
108,688385.SH,20240410,30.3,30.31,29.06,29.26,30.29,-1.03,-3.4005,50412.03,148852.286
109,688385.SH,20240409,29.51,30.45,29.48,30.29,29.69,0.6,2.0209,41937.04,126154.204
110,688385.SH,20240408,30.9,30.9,29.66,29.69,30.7,-1.01,-3.2899,48776.15,147142.096
111,688385.SH,20240403,31.13,31.57,30.11,30.7,31.13,-0.43,-1.3813,62562.27,192646.114
112,688385.SH,20240402,32.0,32.0,30.87,31.13,31.99,-0.86,-2.6883,59934.87,187163.513
113,688385.SH,20240401,32.0,32.17,31.51,31.99,31.63,0.36,1.1382,65346.5,208503.068
114,688385.SH,20240329,31.11,31.76,30.68,31.63,31.5,0.13,0.4127,60665.75,189303.195
115,688385.SH,20240328,30.37,32.34,30.29,31.5,30.34,1.16,3.8233,94974.96,298132.965
116,688385.SH,20240327,31.91,32.25,30.16,30.34,31.93,-1.59,-4.9796,80719.09,249769.175
117,688385.SH,20240326,32.97,33.51,31.75,31.93,33.15,-1.22,-3.6802,89200.55,289005.983
118,688385.SH,20240325,34.65,35.29,33.05,33.15,35.19,-2.04,-5.7971,127706.44,435516.138
119,688385.SH,20240322,36.61,37.2,35.08,35.19,36.75,-1.56,-4.2449,110708.72,399425.826
120,688385.SH,20240321,37.2,37.9,36.2,36.75,36.86,-0.11,-0.2984,106558.34,395405.629
121,688385.SH,20240320,37.02,37.27,36.2,36.86,37.02,-0.16,-0.4322,72043.34,264983.803
122,688385.SH,20240319,37.59,38.05,37.02,37.02,37.77,-0.75,-1.9857,92594.8,347149.689
123,688385.SH,20240318,36.49,37.86,35.88,37.77,36.16,1.61,4.4524,141561.34,523365.51
124,688385.SH,20240315,36.0,36.39,35.36,36.16,35.86,0.3,0.8366,72643.14,260738.816
125,688385.SH,20240314,36.48,36.85,35.32,35.86,36.77,-0.91,-2.4748,99076.05,357007.295
126,688385.SH,20240313,37.2,38.14,36.71,36.77,37.22,-0.45,-1.209,115826.74,432274.117
127,688385.SH,20240312,37.4,38.46,36.62,37.22,37.33,-0.11,-0.2947,154174.38,578350.174
128,688385.SH,20240311,35.61,37.7,35.2,37.33,36.42,0.91,2.4986,151756.58,558758.395
129,688385.SH,20240308,35.06,36.59,34.8,36.42,35.05,1.37,3.9087,128748.52,463374.36
130,688385.SH,20240307,36.37,37.1,34.9,35.05,36.37,-1.32,-3.6294,125819.41,450714.178
131,688385.SH,20240306,36.01,37.2,35.82,36.37,36.5,-0.13,-0.3562,122883.25,449673.558
132,688385.SH,20240305,37.1,37.72,36.01,36.5,37.93,-1.43,-3.7701,180533.61,666053.979
133,688385.SH,20240304,38.0,38.28,36.66,37.93,38.5,-0.57,-1.4805,228552.89,858271.601
134,688385.SH,20240301,37.18,39.32,36.55,38.5,37.13,1.37,3.6897,317096.41,1204756.419
135,688385.SH,20240229,31.84,37.96,31.78,37.13,31.84,5.29,16.6143,339631.77,1210559.798
136,688385.SH,20240228,34.19,35.07,31.84,31.84,34.7,-2.86,-8.2421,206712.28,694328.414
137,688385.SH,20240227,30.0,35.3,29.68,34.7,30.2,4.5,14.9007,242110.54,794717.147
138,688385.SH,20240226,30.84,30.95,29.36,30.2,31.1,-0.9,-2.8939,135176.27,407260.592
139,688385.SH,20240223,30.54,31.2,30.0,31.1,30.41,0.69,2.269,93558.54,285205.821
140,688385.SH,20240222,29.9,30.75,29.71,30.41,29.8,0.61,2.047,70471.16,213624.029
141,688385.SH,20240221,29.6,30.7,29.1,29.8,29.76,0.04,0.1344,84064.76,252568.714
142,688385.SH,20240220,29.72,29.99,28.73,29.76,29.96,-0.2,-0.6676,64557.31,189300.554
143,688385.SH,20240219,30.56,30.88,29.32,29.96,29.77,0.19,0.6382,109546.61,328744.186
144,688385.SH,20240208,28.33,30.8,28.33,29.77,28.29,1.48,5.2315,113629.85,340029.998
145,688385.SH,20240207,26.58,28.78,26.49,28.29,26.4,1.89,7.1591,134959.57,377857.522
146,688385.SH,20240206,24.25,26.48,23.64,26.4,24.36,2.04,8.3744,97397.53,244758.222
147,688385.SH,20240205,25.3,25.64,23.18,24.36,25.4,-1.04,-4.0945,101799.39,248018.865
148,688385.SH,20240202,27.0,27.35,24.62,25.4,26.81,-1.41,-5.2592,70565.92,182441.199
149,688385.SH,20240201,26.95,27.78,26.06,26.81,27.16,-0.35,-1.2887,77788.5,209205.102
150,688385.SH,20240131,28.1,29.12,27.0,27.16,28.04,-0.88,-3.1384,77175.07,215254.856
151,688385.SH,20240130,29.54,29.54,28.01,28.04,29.33,-1.29,-4.3982,53749.62,153945.371
152,688385.SH,20240129,30.7,31.1,29.19,29.33,30.25,-0.92,-3.0413,49595.88,148171.458
153,688385.SH,20240126,31.08,31.25,30.18,30.25,31.31,-1.06,-3.3855,54222.05,166425.941
154,688385.SH,20240125,30.13,31.38,29.85,31.31,30.17,1.14,3.7786,59305.79,182604.261
155,688385.SH,20240124,30.65,30.8,28.92,30.17,30.6,-0.43,-1.4052,76550.11,227386.009
156,688385.SH,20240123,29.46,31.12,29.46,30.6,29.58,1.02,3.4483,61331.88,186817.594
157,688385.SH,20240122,31.47,31.47,29.42,29.58,31.38,-1.8,-5.7361,65496.54,199092.04
158,688385.SH,20240119,32.11,32.42,31.38,31.38,32.21,-0.83,-2.5768,39797.24,126530.665
159,688385.SH,20240118,31.91,32.3,31.0,32.21,31.91,0.3,0.9401,59201.61,187700.083
160,688385.SH,20240117,33.3,33.4,31.91,31.91,33.25,-1.34,-4.0301,38627.6,125546.407
161,688385.SH,20240116,33.69,33.79,32.67,33.25,33.44,-0.19,-0.5682,47074.67,155871.512
162,688385.SH,20240115,33.64,34.22,33.25,33.44,33.74,-0.3,-0.8892,48053.51,162016.15
163,688385.SH,20240112,34.35,34.48,33.74,33.74,34.28,-0.54,-1.5753,42268.45,143951.799
164,688385.SH,20240111,33.69,34.6,33.51,34.28,33.55,0.73,2.1759,57850.01,197926.969
165,688385.SH,20240110,33.49,34.1,32.69,33.55,33.42,0.13,0.389,53715.02,180381.094
166,688385.SH,20240109,34.1,34.61,33.01,33.42,33.94,-0.52,-1.5321,86394.58,292324.487
167,688385.SH,20240108,35.58,35.6,33.86,33.94,35.67,-1.73,-4.85,74880.89,257538.799
168,688385.SH,20240105,36.48,36.78,35.4,35.67,36.66,-0.99,-2.7005,49928.66,179696.837
169,688385.SH,20240104,37.35,37.5,36.41,36.66,37.38,-0.72,-1.9262,47978.4,176789.025
170,688385.SH,20240103,37.57,38.5,37.19,37.38,37.6,-0.22,-0.5851,58891.58,222012.032
171,688385.SH,20240102,38.9,39.13,37.58,37.6,38.63,-1.03,-2.6663,56806.87,215283.271
172,688385.SH,20231229,38.12,38.87,38.0,38.63,38.11,0.52,1.3645,64869.07,250243.868
173,688385.SH,20231228,37.1,38.64,36.9,38.11,37.29,0.82,2.199,86094.95,326945.927
174,688385.SH,20231227,37.0,37.46,36.9,37.29,37.14,0.15,0.4039,36222.17,134831.439
175,688385.SH,20231226,38.21,38.21,36.51,37.14,38.1,-0.96,-2.5197,46699.12,172475.819
176,688385.SH,20231225,37.55,38.62,37.55,38.1,37.56,0.54,1.4377,46109.87,176167.411
177,688385.SH,20231222,38.47,38.59,37.15,37.56,37.79,-0.23,-0.6086,50470.14,190529.607
178,688385.SH,20231221,37.05,38.38,37.0,37.79,37.15,0.64,1.7227,55064.06,208094.49
179,688385.SH,20231220,39.0,39.17,37.12,37.15,38.99,-1.84,-4.7192,73534.38,277491.835
180,688385.SH,20231219,39.76,40.19,38.5,38.99,39.87,-0.88,-2.2072,68980.73,269959.677
181,688385.SH,20231218,41.2,41.3,39.76,39.87,41.28,-1.41,-3.4157,44334.02,178210.278
182,688385.SH,20231215,42.12,42.53,41.2,41.28,42.01,-0.73,-1.7377,36475.13,151791.759
183,688385.SH,20231214,41.89,42.83,41.89,42.01,41.8,0.21,0.5024,33530.83,141802.265
184,688385.SH,20231213,42.61,43.27,41.8,41.8,42.53,-0.73,-1.7164,40832.85,173018.528
185,688385.SH,20231212,43.21,43.68,42.38,42.53,43.24,-0.71,-1.642,50894.45,218048.659
186,688385.SH,20231211,42.38,43.37,41.73,43.24,42.4,0.84,1.9811,79346.68,338731.68
187,688385.SH,20231208,41.21,42.69,40.94,42.4,41.09,1.31,3.1881,118186.63,494065.523
188,688385.SH,20231207,41.49,42.09,40.88,41.09,41.5,-0.41,-0.988,72273.95,298126.512
189,688385.SH,20231206,42.61,42.94,41.3,41.5,42.62,-1.12,-2.6279,65186.17,273074.144
190,688385.SH,20231205,44.41,44.59,42.61,42.62,44.56,-1.94,-4.3537,52798.7,228371.307
191,688385.SH,20231204,44.72,45.2,44.0,44.56,44.61,-0.05,-0.1121,36182.81,161707.523
192,688385.SH,20231201,44.78,44.94,44.03,44.61,44.75,-0.14,-0.3128,41138.27,183141.381
193,688385.SH,20231130,45.58,45.81,44.51,44.75,45.58,-0.83,-1.821,44848.41,201648.488
194,688385.SH,20231129,46.46,46.94,45.57,45.58,46.61,-1.03,-2.2098,39161.58,180369.042
195,688385.SH,20231128,46.9,47.16,46.14,46.61,46.75,-0.14,-0.2995,31254.38,145473.912
196,688385.SH,20231127,46.03,47.25,45.55,46.75,46.2,0.55,1.1905,38128.07,177346.051
197,688385.SH,20231124,46.85,47.11,46.13,46.2,46.9,-0.7,-1.4925,26572.04,123542.471
198,688385.SH,20231123,46.41,47.07,46.03,46.9,46.16,0.74,1.6031,28277.58,131831.776
199,688385.SH,20231122,47.7,47.98,46.16,46.16,47.88,-1.72,-3.5923,38434.33,180337.405
200,688385.SH,20231121,49.0,49.17,47.76,47.88,49.05,-1.17,-2.3853,33350.42,161034.401
201,688385.SH,20231120,48.87,49.6,48.22,49.05,48.51,0.54,1.1132,31957.63,156423.097
202,688385.SH,20231117,48.8,49.38,48.36,48.51,48.77,-0.26,-0.5331,33300.82,162352.093
203,688385.SH,20231116,49.82,50.29,48.75,48.77,50.09,-1.32,-2.6353,38978.96,191813.444
204,688385.SH,20231115,51.47,51.75,49.82,50.09,51.2,-1.11,-2.168,52470.39,264955.627
205,688385.SH,20231114,50.49,52.4,50.02,51.2,50.36,0.84,1.668,59976.76,308584.533
206,688385.SH,20231113,48.97,50.78,48.69,50.36,48.93,1.43,2.9225,51266.68,254976.092
207,688385.SH,20231110,48.6,49.5,48.33,48.93,48.7,0.23,0.4723,40015.07,196187.907
208,688385.SH,20231109,49.81,50.11,48.3,48.7,49.77,-1.07,-2.1499,45000.27,220386.633
209,688385.SH,20231108,49.9,50.48,49.41,49.77,50.09,-0.32,-0.6389,46105.58,229580.945
210,688385.SH,20231107,50.29,50.35,49.3,50.09,50.19,-0.1,-0.1992,39040.77,194896.348
211,688385.SH,20231106,48.1,51.26,47.58,50.19,47.47,2.72,5.7299,108214.28,538915.72
212,688385.SH,20231103,45.0,47.8,44.74,47.47,44.81,2.66,5.9362,71776.91,335185.912
213,688385.SH,20231102,46.86,47.01,44.79,44.81,46.9,-2.09,-4.4563,50337.2,229564.657
214,688385.SH,20231101,47.87,48.1,46.58,46.9,48.4,-1.5,-3.0992,57046.76,268722.995
215,688385.SH,20231031,45.5,50.5,44.6,48.4,45.99,2.41,5.2403,105790.72,501796.951
216,688385.SH,20231030,43.57,46.16,42.88,45.99,43.09,2.9,6.7301,81338.05,365515.47
217,688385.SH,20231027,42.62,43.64,41.9,43.09,42.58,0.51,1.1977,33614.38,143876.263
218,688385.SH,20231026,42.77,42.86,41.65,42.58,42.85,-0.27,-0.6301,24423.84,102924.31
219,688385.SH,20231025,42.29,43.26,41.88,42.85,41.87,0.98,2.3406,29785.11,127304.018
220,688385.SH,20231024,41.69,42.48,41.19,41.87,41.35,0.52,1.2576,29863.39,125029.87
221,688385.SH,20231023,42.2,42.59,40.85,41.35,42.18,-0.83,-1.9678,43962.28,183323.672
222,688385.SH,20231020,43.01,43.5,42.0,42.18,43.28,-1.1,-2.5416,29926.33,127541.884
223,688385.SH,20231019,42.04,44.24,41.8,43.28,42.24,1.04,2.4621,50590.06,219341.77
224,688385.SH,20231018,43.37,43.45,42.0,42.24,43.25,-1.01,-2.3353,26629.7,112991.96
225,688385.SH,20231017,43.1,43.43,42.75,43.25,42.9,0.35,0.8159,27060.33,116775.902
226,688385.SH,20231016,44.0,44.0,42.43,42.9,44.13,-1.23,-2.7872,40527.82,174077.826
227,688385.SH,20231013,45.21,45.34,43.2,44.13,45.18,-1.05,-2.324,48075.35,212254.528
228,688385.SH,20231012,45.74,46.46,45.07,45.18,45.71,-0.53,-1.1595,42867.81,194567.396
229,688385.SH,20231011,47.0,47.45,45.6,45.71,47.08,-1.37,-2.9099,53945.0,250077.401
230,688385.SH,20231010,47.53,47.96,46.8,47.08,47.77,-0.69,-1.4444,28271.51,133708.298
231,688385.SH,20231009,47.66,48.88,47.1,47.77,47.7,0.07,0.1468,32884.05,157824.911
232,688385.SH,20230928,46.35,48.03,46.3,47.7,45.91,1.79,3.8989,44290.82,210370.185
233,688385.SH,20230927,45.86,46.72,45.68,45.91,45.86,0.05,0.109,25822.38,119083.668
234,688385.SH,20230926,46.28,46.6,45.86,45.86,46.28,-0.42,-0.9075,14809.93,68397.918
235,688385.SH,20230925,46.6,46.6,45.81,46.28,46.55,-0.27,-0.58,21754.73,100534.532
236,688385.SH,20230922,45.36,46.99,45.08,46.55,45.37,1.18,2.6008,27537.53,127370.427
237,688385.SH,20230921,45.53,45.79,45.03,45.37,45.63,-0.26,-0.5698,22780.06,103367.544
238,688385.SH,20230920,46.49,46.8,45.3,45.63,46.5,-0.87,-1.871,39144.95,179572.362
239,688385.SH,20230919,48.6,48.6,46.5,46.5,48.05,-1.55,-3.2258,56671.72,267385.719
240,688385.SH,20230918,48.58,49.15,47.74,48.05,48.58,-0.53,-1.091,27506.1,132790.898
241,688385.SH,20230915,49.85,50.18,48.43,48.58,49.49,-0.91,-1.8388,50564.62,249182.779
242,688385.SH,20230914,50.17,50.39,49.1,49.49,50.24,-0.75,-1.4928,19568.42,96781.307
243,688385.SH,20230913,50.8,51.2,49.65,50.24,50.87,-0.63,-1.2385,20296.36,102112.141
244,688385.SH,20230912,52.14,52.31,50.75,50.87,52.28,-1.41,-2.697,23302.7,119642.991
245,688385.SH,20230911,52.02,52.65,51.51,52.28,52.48,-0.2,-0.3811,30148.34,157098.327
246,688385.SH,20230908,50.38,52.8,50.03,52.48,50.72,1.76,3.47,38421.82,198232.684
247,688385.SH,20230907,52.94,53.2,50.71,50.72,52.87,-2.15,-4.0666,32851.25,170171.235
248,688385.SH,20230906,51.98,53.13,51.64,52.87,52.07,0.8,1.5364,37625.87,198029.612
249,688385.SH,20230905,52.02,52.88,51.88,52.07,52.3,-0.23,-0.4398,28345.49,148642.937
250,688385.SH,20230904,52.5,53.13,51.61,52.3,52.63,-0.33,-0.627,36763.67,192061.169
251,688385.SH,20230901,53.0,53.0,52.15,52.63,52.85,-0.22,-0.4163,20176.08,105954.278
252,688385.SH,20230831,54.2,54.2,52.0,52.85,54.07,-1.22,-2.2563,52914.02,279904.073
253,688385.SH,20230830,55.33,56.14,54.0,54.07,54.78,-0.71,-1.2961,45178.0,248359.878
254,688385.SH,20230829,51.99,55.3,51.53,54.78,52.4,2.38,4.542,51817.78,278732.92
255,688385.SH,20230828,53.5,54.45,51.7,52.4,50.96,1.44,2.8257,41154.6,218085.171
256,688385.SH,20230825,50.75,51.5,50.43,50.96,51.07,-0.11,-0.2154,30856.71,157364.37
257,688385.SH,20230824,50.5,51.38,49.21,51.07,49.03,2.04,4.1607,42421.72,215695.406
258,688385.SH,20230823,50.41,50.41,48.91,49.03,50.29,-1.26,-2.5055,19169.33,95008.427
259,688385.SH,20230822,50.51,51.14,48.65,50.29,50.68,-0.39,-0.7695,36891.45,184438.179
260,688385.SH,20230821,51.01,52.09,50.6,50.68,51.5,-0.82,-1.5922,17881.45,91473.139
261,688385.SH,20230818,52.1,52.89,51.5,51.5,51.31,0.19,0.3703,27795.1,144822.274
262,688385.SH,20230817,49.7,51.5,48.8,51.31,49.81,1.5,3.0114,44379.66,223205.638
263,688385.SH,20230816,50.89,50.89,49.7,49.81,50.69,-0.88,-1.736,22073.84,110451.493
264,688385.SH,20230815,52.32,52.32,50.4,50.69,51.94,-1.25,-2.4066,23041.0,117077.99
265,688385.SH,20230814,52.5,52.8,50.47,51.94,53.29,-1.35,-2.5333,43148.61,221673.505
266,688385.SH,20230811,53.42,54.08,53.23,53.29,53.61,-0.32,-0.5969,20638.71,110825.151
267,688385.SH,20230810,52.57,54.06,52.25,53.61,52.6,1.01,1.9202,21981.03,117140.326
268,688385.SH,20230809,52.44,53.14,52.01,52.6,52.33,0.27,0.516,14767.31,77693.604
269,688385.SH,20230808,52.71,53.19,52.08,52.33,52.71,-0.38,-0.7209,28175.64,148717.38
270,688385.SH,20230807,53.13,53.81,52.5,52.71,53.45,-0.74,-1.3845,28507.22,150701.588
271,688385.SH,20230804,54.46,54.65,53.2,53.45,53.98,-0.53,-0.9818,34510.01,185030.805
272,688385.SH,20230803,55.11,55.79,53.58,53.98,55.57,-1.59,-2.8613,40335.33,219453.12
273,688385.SH,20230802,56.44,56.44,54.88,55.57,56.44,-0.87,-1.5415,33164.0,184056.04
274,688385.SH,20230801,55.65,58.35,55.5,56.44,55.53,0.91,1.6388,59780.41,342204.191
275,688385.SH,20230731,55.24,56.67,54.55,55.53,55.24,0.29,0.525,43361.41,241777.904
276,688385.SH,20230728,55.15,55.41,53.72,55.24,55.04,0.2,0.3634,26913.26,147517.153
277,688385.SH,20230727,55.42,56.09,54.7,55.04,55.04,0.0,0.0,33694.01,186419.811
278,688385.SH,20230726,56.08,56.4,54.6,55.04,56.2,-1.16,-2.0641,27702.37,153179.743
279,688385.SH,20230725,56.2,56.5,55.13,56.2,55.35,0.85,1.5357,25364.4,141566.744
280,688385.SH,20230724,55.35,56.15,54.87,55.35,55.8,-0.45,-0.8065,33012.44,183002.856
281,688385.SH,20230721,56.45,56.9,55.4,55.8,56.29,-0.49,-0.8705,31747.65,178178.802
282,688385.SH,20230720,58.58,58.8,55.73,56.29,58.43,-2.14,-3.6625,44394.59,251977.808
283,688385.SH,20230719,57.0,58.57,56.6,58.43,57.21,1.22,2.1325,53453.16,309199.311
284,688385.SH,20230718,57.55,57.99,56.83,57.21,57.5,-0.29,-0.5043,46774.26,268285.576
285,688385.SH,20230717,58.74,58.84,57.07,57.5,58.59,-1.09,-1.8604,50239.37,288622.641
286,688385.SH,20230714,58.18,60.38,58.02,58.59,58.16,0.43,0.7393,59367.26,350740.668
287,688385.SH,20230713,57.96,59.22,57.65,58.16,57.6,0.56,0.9722,42917.49,250807.193
288,688385.SH,20230712,59.26,59.95,57.3,57.6,59.23,-1.63,-2.752,57119.04,333372.416
289,688385.SH,20230711,57.69,60.35,57.35,59.23,57.35,1.88,3.2781,91220.72,540063.189
290,688385.SH,20230710,56.49,58.25,56.44,57.35,56.08,1.27,2.2646,64836.73,371558.473
291,688385.SH,20230707,55.87,56.77,55.25,56.08,56.38,-0.3,-0.5321,41360.72,231769.418
292,688385.SH,20230706,56.31,57.18,56.0,56.38,56.6,-0.22,-0.3887,48329.06,273254.096
293,688385.SH,20230705,55.92,58.77,55.58,56.6,55.68,0.92,1.6523,101407.06,583236.313
294,688385.SH,20230704,54.05,56.85,54.0,55.81,54.6,1.21,2.2161,91731.46,513030.012
295,688385.SH,20230703,50.19,55.2,50.19,54.6,50.1,4.5,8.982,116513.65,623481.455
296,688385.SH,20230630,48.8,51.04,48.55,50.1,48.91,1.19,2.433,51223.83,255938.884
297,688385.SH,20230629,48.75,50.37,48.55,48.91,48.56,0.35,0.7208,45100.25,223300.162
298,688385.SH,20230628,51.75,52.14,47.79,48.56,51.48,-2.92,-5.6721,96001.67,470041.73
299,688385.SH,20230627,53.01,53.72,51.43,51.48,53.06,-1.58,-2.9778,46647.99,244252.979
300,688385.SH,20230626,53.28,53.74,51.89,53.06,53.85,-0.79,-1.467,44288.51,233699.741
301,688385.SH,20230621,56.37,56.37,53.76,53.85,56.44,-2.59,-4.5889,52735.85,289098.49
302,688385.SH,20230620,55.8,57.49,54.89,56.44,55.85,0.59,1.0564,65296.8,367825.627
303,688385.SH,20230619,56.38,57.0,55.78,55.85,56.5,-0.65,-1.1504,34400.87,193449.753
304,688385.SH,20230616,55.75,57.39,55.6,56.5,55.9,0.6,1.0733,48854.09,276196.44
305,688385.SH,20230615,55.8,56.4,55.14,55.9,55.6,0.3,0.5396,37287.64,208305.721
306,688385.SH,20230614,54.78,56.69,54.3,55.6,54.35,1.25,2.2999,59353.09,329405.427
307,688385.SH,20230613,53.75,54.8,52.7,54.35,53.34,1.01,1.8935,41355.69,222866.564
308,688385.SH,20230612,53.8,54.27,53.2,53.34,53.97,-0.63,-1.1673,35544.42,190952.092
309,688385.SH,20230609,52.88,53.97,52.38,53.97,52.87,1.1,2.0806,48543.88,257317.349
310,688385.SH,20230608,54.09,54.5,52.86,52.87,54.38,-1.51,-2.7768,41452.77,221857.467
311,688385.SH,20230607,54.08,54.89,53.47,54.38,54.13,0.25,0.4619,26554.24,143794.915
312,688385.SH,20230606,56.18,56.18,53.89,54.13,56.21,-2.08,-3.7004,45310.98,248388.7
313,688385.SH,20230605,57.0,57.94,56.1,56.21,57.2,-0.99,-1.7308,32716.14,185882.144
314,688385.SH,20230602,56.3,57.74,56.22,57.2,56.3,0.9,1.5986,29489.13,168200.228
315,688385.SH,20230601,57.08,57.08,55.85,56.3,57.08,-0.78,-1.3665,36353.52,204994.244
316,688385.SH,20230531,57.5,58.0,56.93,57.08,57.65,-0.57,-0.9887,31588.87,181315.764
317,688385.SH,20230530,56.39,57.91,55.8,57.65,56.78,0.87,1.5322,41637.69,236575.378
318,688385.SH,20230529,57.09,58.13,56.71,56.78,57.13,-0.35,-0.6126,49784.26,285423.682
319,688385.SH,20230526,56.0,57.74,55.21,57.13,55.71,1.42,2.5489,54909.31,310648.224
320,688385.SH,20230525,54.5,55.84,54.13,55.71,54.13,1.58,2.9189,49408.76,273307.263
321,688385.SH,20230524,54.01,54.85,53.0,54.13,54.5,-0.37,-0.6789,52281.12,282494.232
322,688385.SH,20230523,54.5,55.93,54.3,54.5,54.64,-0.14,-0.2562,41824.12,231029.578
323,688385.SH,20230522,55.55,55.79,54.46,54.64,55.24,-0.6,-1.0862,26512.3,145370.929
324,688385.SH,20230519,54.11,55.55,54.1,55.24,54.28,0.96,1.7686,42757.9,235646.764
325,688385.SH,20230518,56.08,56.08,53.96,54.28,55.67,-1.39,-2.4969,46574.78,254234.421
326,688385.SH,20230517,54.5,55.76,54.02,55.67,54.3,1.37,2.523,52417.15,289538.551
327,688385.SH,20230516,53.65,54.59,53.18,54.3,53.66,0.64,1.1927,39209.36,211891.595
328,688385.SH,20230515,52.31,53.68,51.81,53.66,52.0,1.66,3.1923,35943.8,190217.042
329,688385.SH,20230512,52.0,53.37,51.88,52.0,51.94,0.06,0.1155,44666.38,234436.417
330,688385.SH,20230511,51.92,52.41,51.5,51.94,51.45,0.49,0.9524,35002.01,181634.384
331,688385.SH,20230510,51.95,51.95,50.93,51.45,51.6,-0.15,-0.2907,36699.37,188362.201
332,688385.SH,20230509,52.5,52.66,51.37,51.6,52.2,-0.6,-1.1494,53578.3,278688.065
333,688385.SH,20230508,53.06,53.43,51.76,52.2,53.05,-0.85,-1.6023,60792.13,317628.316
334,688385.SH,20230505,53.58,54.24,52.75,53.05,53.6,-0.55,-1.0261,42645.76,226800.945
335,688385.SH,20230504,54.77,55.5,53.44,53.6,55.15,-1.55,-2.8105,57870.15,313916.353
336,688385.SH,20230428,55.0,55.96,53.91,55.15,55.67,-0.52,-0.9341,68092.54,372992.476
337,688385.SH,20230427,54.36,55.97,54.11,55.67,54.35,1.32,2.4287,61767.96,340650.151
338,688385.SH,20230426,54.23,54.77,53.03,54.35,54.26,0.09,0.1659,60888.5,328915.82
339,688385.SH,20230425,55.92,56.44,53.56,54.26,56.02,-1.76,-3.1417,76954.63,421247.894
340,688385.SH,20230424,56.82,58.3,55.53,56.02,57.0,-0.98,-1.7193,97575.29,554581.284
341,688385.SH,20230421,59.15,59.79,56.95,57.0,59.06,-2.06,-3.488,107503.48,626139.796
342,688385.SH,20230420,63.9,63.98,58.4,59.06,63.95,-4.89,-7.6466,215100.36,1283127.789
343,688385.SH,20230419,65.05,65.5,63.88,63.95,65.0,-1.05,-1.6154,109239.64,706065.172
344,688385.SH,20230418,66.17,66.7,64.3,65.0,66.66,-1.66,-2.4902,85828.15,558111.483
345,688385.SH,20230417,67.28,67.66,66.11,66.66,66.98,-0.32,-0.4778,68706.7,458284.871
346,688385.SH,20230414,66.08,67.35,64.43,66.98,65.74,1.24,1.8862,120003.33,793336.877
347,688385.SH,20230413,68.5,69.47,65.31,65.74,69.33,-3.59,-5.1781,140130.38,934605.562
348,688385.SH,20230412,69.11,70.64,68.5,69.33,69.79,-0.46,-0.6591,125990.34,874893.37
349,688385.SH,20230411,71.32,71.5,68.5,69.79,70.74,-0.95,-1.3429,126841.86,887687.79
350,688385.SH,20230410,75.6,75.89,70.22,70.74,75.11,-4.37,-5.8181,204937.52,1491148.232
351,688385.SH,20230407,71.0,75.96,69.63,75.11,70.41,4.7,6.6752,211986.11,1542872.374
352,688385.SH,20230406,66.49,72.49,65.2,70.41,66.86,3.55,5.3096,235616.04,1647764.542
353,688385.SH,20230404,66.43,68.81,66.0,66.86,65.88,0.98,1.4876,161484.71,1089026.687
354,688385.SH,20230403,66.12,67.28,64.87,65.88,65.46,0.42,0.6416,127459.3,843083.484
355,688385.SH,20230331,66.62,69.44,65.04,65.46,66.74,-1.28,-1.9179,125991.11,837903.418
356,688385.SH,20230330,65.25,68.49,64.88,66.74,65.17,1.57,2.4091,118107.61,790879.419
357,688385.SH,20230329,64.6,66.85,63.2,65.17,64.63,0.54,0.8355,106062.67,691790.318
358,688385.SH,20230328,66.34,67.34,63.8,64.63,67.26,-2.63,-3.9102,147846.0,961922.021
359,688385.SH,20230327,70.7,72.63,66.67,67.26,71.0,-3.74,-5.2676,167548.77,1157823.506
360,688385.SH,20230324,72.58,73.41,70.55,71.0,72.98,-1.98,-2.7131,147497.01,1061750.134
361,688385.SH,20230323,64.48,73.66,63.51,72.98,64.6,8.38,12.9721,216840.19,1478988.47
362,688385.SH,20230322,68.92,68.97,64.33,64.6,69.41,-4.81,-6.9298,153128.1,1005104.623
363,688385.SH,20230321,68.4,70.11,67.9,69.41,68.9,0.51,0.7402,44260.77,304538.808
364,688385.SH,20230320,71.45,71.78,68.7,68.9,71.31,-2.41,-3.3796,75529.37,528608.894
365,688385.SH,20230317,71.27,72.61,69.88,71.31,70.65,0.66,0.9342,57346.87,410102.581
366,688385.SH,20230316,70.0,72.09,69.97,70.65,70.77,-0.12,-0.1696,51359.23,365473.035
367,688385.SH,20230315,72.56,74.27,70.67,70.77,72.76,-1.99,-2.735,74285.05,537144.311
368,688385.SH,20230314,72.0,73.32,70.6,72.76,71.67,1.09,1.5209,80164.06,578352.867
369,688385.SH,20230313,71.5,73.16,70.68,71.67,70.42,1.25,1.7751,99173.08,712493.733
370,688385.SH,20230310,73.0,73.5,70.42,70.42,73.75,-3.33,-4.5153,112729.68,810960.557
371,688385.SH,20230309,74.48,74.58,73.0,73.75,74.16,-0.41,-0.5529,74489.54,550368.27
372,688385.SH,20230308,74.18,75.45,73.5,74.16,74.87,-0.71,-0.9483,71797.33,533502.38
373,688385.SH,20230307,76.24,76.82,74.53,74.87,76.99,-2.12,-2.7536,75555.83,570929.163
374,688385.SH,20230306,72.36,78.2,72.3,76.99,72.65,4.34,5.9738,125365.76,957156.246
375,688385.SH,20230303,71.57,73.0,71.38,72.65,70.63,2.02,2.86,69269.17,501046.109
376,688385.SH,20230302,72.17,72.62,70.55,70.63,72.17,-1.54,-2.1339,47471.58,337648.276
377,688385.SH,20230301,72.44,72.44,71.33,72.17,71.97,0.2,0.2779,55822.68,401294.634
378,688385.SH,20230228,72.53,73.0,70.56,71.97,72.58,-0.61,-0.8405,91735.35,655740.863
379,688385.SH,20230227,70.84,74.77,70.0,72.58,70.26,2.32,3.302,152258.08,1109574.1
380,688385.SH,20230224,69.48,71.29,68.83,70.26,69.01,1.25,1.8113,86967.68,610881.784
381,688385.SH,20230223,68.3,69.34,67.33,69.01,69.1,-0.09,-0.1302,58000.43,397186.893
382,688385.SH,20230222,64.88,69.99,64.5,69.1,65.81,3.29,4.9992,130836.69,891063.595
383,688385.SH,20230221,66.0,66.78,64.5,65.81,64.37,1.44,2.2371,59200.54,386885.947
384,688385.SH,20230220,65.2,65.29,63.84,64.37,64.9,-0.53,-0.8166,71611.59,461980.295
385,688385.SH,20230217,67.25,67.35,64.44,64.9,67.6,-2.7,-3.9941,86900.57,568435.466
386,688385.SH,20230216,69.6,71.29,67.13,67.6,69.85,-2.25,-3.2212,82034.4,568630.711
387,688385.SH,20230215,69.03,70.69,67.99,69.85,69.31,0.54,0.7791,72514.65,502927.677
388,688385.SH,20230214,71.17,72.16,68.9,69.31,71.65,-2.34,-3.2659,81641.88,572619.943
389,688385.SH,20230213,70.96,74.13,70.87,71.65,71.5,0.15,0.2098,89004.14,640344.233
390,688385.SH,20230210,72.58,75.25,70.5,71.5,72.83,-1.33,-1.8262,102504.92,745438.979
391,688385.SH,20230209,67.26,72.86,67.01,72.83,68.29,4.54,6.6481,83723.75,590724.549
392,688385.SH,20230208,68.54,70.28,67.92,68.29,68.0,0.29,0.4265,40454.76,279062.703
393,688385.SH,20230207,68.99,69.44,67.21,68.0,68.93,-0.93,-1.3492,37667.11,256266.379
394,688385.SH,20230206,70.0,70.6,68.3,68.93,70.14,-1.21,-1.7251,35591.66,246873.13
395,688385.SH,20230203,70.35,70.56,68.46,70.14,70.53,-0.39,-0.553,54121.54,375997.726
396,688385.SH,20230202,70.0,71.55,69.81,70.53,69.69,0.84,1.2053,61889.13,437928.993
397,688385.SH,20230201,68.01,70.28,68.01,69.69,67.76,1.93,2.8483,56520.23,392805.14
398,688385.SH,20230131,69.42,69.99,67.48,67.76,69.6,-1.84,-2.6437,52081.34,356472.962
399,688385.SH,20230130,69.65,70.1,68.0,69.6,69.0,0.6,0.8696,67405.8,465742.425
400,688385.SH,20230120,68.0,70.99,67.19,69.0,68.74,0.26,0.3782,56919.93,395271.274
401,688385.SH,20230119,66.65,68.8,66.11,68.74,67.09,1.65,2.4594,47883.76,325366.846
402,688385.SH,20230118,66.08,67.91,65.37,67.09,66.51,0.58,0.872,46974.03,313602.002
403,688385.SH,20230117,63.65,67.03,62.91,66.51,63.33,3.18,5.0213,98206.34,647100.23
404,688385.SH,20230116,63.6,64.85,63.19,63.33,63.93,-0.6,-0.9385,81394.07,520005.687
405,688385.SH,20230113,65.13,65.2,63.01,63.93,64.97,-1.04,-1.6007,71955.8,459576.374
406,688385.SH,20230112,65.95,66.02,63.09,64.97,65.55,-0.58,-0.8848,81909.25,532185.179
407,688385.SH,20230111,73.22,73.44,65.0,65.55,72.83,-7.28,-9.9959,151796.62,1024785.915
408,688385.SH,20230110,73.0,74.3,72.13,72.83,73.45,-0.62,-0.8441,44362.89,324320.01
409,688385.SH,20230109,73.62,75.8,72.91,73.45,74.22,-0.77,-1.0375,39455.62,292743.282
410,688385.SH,20230106,73.76,75.47,73.35,74.22,74.22,0.0,0.0,39807.91,295993.828
411,688385.SH,20230105,75.01,75.22,72.8,74.22,74.53,-0.31,-0.4159,39525.13,292791.645
412,688385.SH,20230104,75.57,75.96,73.75,74.53,75.39,-0.86,-1.1407,43914.19,327104.856
413,688385.SH,20230103,69.96,76.18,69.39,75.39,69.81,5.58,7.9931,91277.28,675986.086
414,688385.SH,20221230,71.01,71.69,69.55,69.81,71.02,-1.21,-1.7037,40741.34,286056.363
415,688385.SH,20221229,70.68,72.36,69.69,71.02,70.98,0.04,0.0564,54700.91,389517.422
416,688385.SH,20221228,69.95,73.09,69.95,70.98,70.75,0.23,0.3251,70761.76,505353.553
417,688385.SH,20221227,66.87,71.77,64.8,70.75,66.81,3.94,5.8973,93887.85,647521.023
418,688385.SH,20221226,65.33,68.0,64.71,66.81,65.32,1.49,2.2811,44698.97,298548.053
419,688385.SH,20221223,66.0,67.74,64.82,65.32,67.79,-2.47,-3.6436,45570.58,299341.442
420,688385.SH,20221222,69.0,69.43,67.69,67.79,69.18,-1.39,-2.0093,25228.38,172737.725
421,688385.SH,20221221,70.3,70.65,68.29,69.18,71.19,-2.01,-2.8234,40324.94,278790.638
422,688385.SH,20221220,70.18,72.14,70.15,71.19,70.29,0.9,1.2804,43544.12,310415.434
423,688385.SH,20221219,71.57,73.34,70.04,70.29,71.9,-1.61,-2.2392,49088.57,349760.443
424,688385.SH,20221216,73.98,74.58,71.3,71.9,74.6,-2.7,-3.6193,48261.7,349219.473
425,688385.SH,20221215,74.64,76.2,74.21,74.6,75.31,-0.71,-0.9428,32385.79,243004.332
426,688385.SH,20221214,78.0,79.18,74.5,75.31,76.19,-0.88,-1.155,64168.2,492937.355
427,688385.SH,20221213,75.12,77.39,75.01,76.19,76.2,-0.01,-0.0131,46330.83,352825.237
428,688385.SH,20221212,75.5,76.99,72.8,76.2,77.0,-0.8,-1.039,97264.84,727699.217
429,688385.SH,20221209,73.7,77.0,72.86,77.0,73.7,3.3,4.4776,132803.42,998328.926
430,688385.SH,20221208,75.28,75.39,72.99,73.7,75.37,-1.67,-2.2157,60959.69,449444.484
431,688385.SH,20221207,76.28,76.78,74.6,75.37,76.88,-1.51,-1.9641,45574.04,344683.611
432,688385.SH,20221206,73.78,77.0,73.55,76.88,74.2,2.68,3.6119,57562.51,435297.751
433,688385.SH,20221205,79.11,79.52,73.5,74.2,79.3,-5.1,-6.4313,79514.26,601299.908
434,688385.SH,20221202,76.91,80.22,76.6,79.3,77.2,2.1,2.7202,73000.47,577050.071
435,688385.SH,20221201,75.0,78.21,74.14,77.2,76.17,1.03,1.3522,92819.27,707941.786
436,688385.SH,20221130,74.22,76.17,72.28,76.17,74.37,1.8,2.4203,97136.4,724782.41
437,688385.SH,20221129,76.95,76.97,74.06,74.37,77.44,-3.07,-3.9644,77999.69,585195.82
438,688385.SH,20221128,76.15,80.35,76.04,77.44,78.4,-0.96,-1.2245,54918.81,427462.742
439,688385.SH,20221125,81.94,83.0,78.15,78.4,82.54,-4.14,-5.0157,71238.09,567005.274
440,688385.SH,20221124,83.5,86.84,82.13,82.54,83.3,-0.76,-0.9124,70048.54,587816.469
441,688385.SH,20221123,79.5,84.61,77.31,83.3,78.97,4.33,5.4831,91086.97,742300.023
442,688385.SH,20221122,80.3,80.3,77.0,78.97,79.61,-0.64,-0.8039,40310.74,316323.423
443,688385.SH,20221121,79.49,80.8,78.98,79.61,79.85,-0.24,-0.3006,45442.33,362516.385
444,688385.SH,20221118,82.46,84.45,79.8,79.85,82.21,-2.36,-2.8707,46537.36,378463.559
445,688385.SH,20221117,81.55,82.68,77.43,82.21,80.89,1.32,1.6318,73610.79,594532.582
446,688385.SH,20221116,82.48,82.9,79.28,80.89,82.18,-1.29,-1.5697,82265.81,665481.949
447,688385.SH,20221115,84.31,87.48,82.1,82.18,84.57,-2.39,-2.8261,87881.69,741646.023
448,688385.SH,20221114,84.23,84.74,81.35,84.57,84.28,0.29,0.3441,38901.62,324417.701
449,688385.SH,20221111,86.79,87.17,83.67,84.28,84.56,-0.28,-0.3311,45941.39,392171.206
450,688385.SH,20221110,85.5,86.38,83.56,84.56,86.2,-1.64,-1.9026,42487.66,359990.876
451,688385.SH,20221109,85.75,88.68,85.5,86.2,84.85,1.35,1.591,51458.08,449383.296
452,688385.SH,20221108,82.88,85.19,82.59,84.85,82.05,2.8,3.4126,62994.54,530790.553
453,688385.SH,20221107,89.55,90.81,81.16,82.05,89.75,-7.7,-8.5794,129666.69,1093866.367
454,688385.SH,20221104,89.31,91.36,87.01,89.75,88.48,1.27,1.4354,75328.94,674888.024
455,688385.SH,20221103,86.88,90.3,86.56,88.48,87.8,0.68,0.7745,69134.71,612215.537
456,688385.SH,20221102,89.0,90.33,86.1,87.8,89.9,-2.1,-2.3359,82999.24,725680.143
457,688385.SH,20221101,93.83,94.5,85.83,89.9,93.83,-3.93,-4.1884,106520.27,950315.027
458,688385.SH,20221031,95.51,97.6,93.0,93.83,94.76,-0.93,-0.9814,44512.05,422754.228
459,688385.SH,20221028,95.3,99.85,94.4,94.76,95.87,-1.11,-1.1578,34711.66,335434.63
460,688385.SH,20221027,97.59,97.59,92.0,95.87,97.63,-1.76,-1.8027,49123.33,467470.147
461,688385.SH,20221026,95.37,99.54,92.03,97.63,95.1,2.53,2.6604,41661.53,401305.316
462,688385.SH,20221025,95.49,100.0,93.69,95.1,98.0,-2.9,-2.9592,39046.98,374693.946
463,688385.SH,20221024,90.0,98.99,88.63,98.0,88.05,9.95,11.3004,56545.15,533624.044
464,688385.SH,20221021,84.99,88.88,83.41,88.05,85.15,2.9,3.4058,44383.84,386144.714
465,688385.SH,20221020,84.22,88.0,81.69,85.15,83.75,1.4,1.6716,36340.44,310039.418
466,688385.SH,20221019,84.45,85.52,82.5,83.75,84.25,-0.5,-0.5935,26230.97,220593.072
467,688385.SH,20221018,79.28,86.39,79.28,84.25,79.01,5.24,6.6321,59463.31,495469.119
468,688385.SH,20221017,80.2,84.78,77.82,79.01,81.3,-2.29,-2.8167,48720.99,390379.538
469,688385.SH,20221014,80.31,81.56,78.9,81.3,79.85,1.45,1.8159,40699.93,326742.747
470,688385.SH,20221013,74.06,81.25,74.06,79.85,75.51,4.34,5.7476,53774.5,430406.138
471,688385.SH,20221012,70.4,76.18,69.18,75.51,70.02,5.49,7.8406,56808.35,415147.739
472,688385.SH,20221011,70.6,72.9,69.22,70.02,70.85,-0.83,-1.1715,46933.9,331885.331
473,688385.SH,20221010,75.26,75.26,66.8,70.85,75.26,-4.41,-5.8597,80212.72,554921.13
474,688385.SH,20220930,76.68,76.8,73.0,75.26,76.24,-0.98,-1.2854,36128.69,270542.423
475,688385.SH,20220929,77.58,78.18,76.01,76.24,76.18,0.06,0.0788,32373.15,249182.811
476,688385.SH,20220928,79.92,80.0,76.0,76.18,79.99,-3.81,-4.7631,38079.35,295465.637
477,688385.SH,20220927,76.85,81.58,76.05,79.99,76.85,3.14,4.0859,48766.24,389594.585
478,688385.SH,20220926,76.2,78.5,75.5,76.85,76.21,0.64,0.8398,36821.08,284813.532
479,688385.SH,20220923,79.59,82.93,76.21,76.21,80.07,-3.86,-4.8208,35153.21,276137.085
480,688385.SH,20220922,76.24,81.78,76.0,80.07,76.65,3.42,4.4618,53866.32,428621.072
481,688385.SH,20220921,79.76,80.34,75.06,76.65,79.56,-2.91,-3.6576,54198.27,416820.062
482,688385.SH,20220920,79.25,80.78,77.88,79.56,79.64,-0.08,-0.1005,31989.54,253418.751
483,688385.SH,20220919,78.88,84.2,77.5,79.64,80.85,-1.21,-1.4966,69214.77,559253.679
484,688385.SH,20220916,77.51,80.85,77.03,80.85,78.45,2.4,3.0593,65877.65,518379.817
485,688385.SH,20220915,80.9,82.88,76.76,78.45,81.34,-2.89,-3.553,80394.78,640833.76
486,688385.SH,20220914,78.73,84.98,78.3,81.34,80.12,1.22,1.5227,49972.4,408160.165
487,688385.SH,20220913,75.19,80.7,74.83,80.12,75.2,4.92,6.5426,65857.01,516033.63
488,688385.SH,20220909,78.32,78.32,74.08,75.2,78.32,-3.12,-3.9837,58450.38,438124.3
489,688385.SH,20220908,71.13,79.49,71.13,78.32,71.86,6.46,8.9897,102305.23,784177.842
490,688385.SH,20220907,73.59,74.76,71.17,71.86,73.15,-1.29,-1.7635,51905.8,377834.201
491,688385.SH,20220906,72.66,73.97,71.7,73.15,72.75,0.4,0.5498,29459.75,214902.73
492,688385.SH,20220905,73.0,75.09,72.0,72.75,74.08,-1.33,-1.7954,48888.69,359175.281
493,688385.SH,20220902,70.73,76.0,69.5,74.08,71.5,2.58,3.6084,83638.26,612309.403
494,688385.SH,20220901,71.66,73.46,70.96,71.5,70.0,1.5,2.1429,63940.29,461931.629
495,688385.SH,20220831,69.45,71.09,66.3,70.0,70.14,-0.14,-0.1996,59323.28,405681.079
496,688385.SH,20220830,73.1,73.1,69.33,70.14,73.24,-3.1,-4.2327,47622.27,335855.774
497,688385.SH,20220829,68.51,73.75,68.51,73.24,69.61,3.63,5.2148,60090.71,437378.859
498,688385.SH,20220826,69.69,73.0,69.21,69.61,69.47,0.14,0.2015,54740.99,390948.09
499,688385.SH,20220825,72.9,73.15,68.68,69.47,73.0,-3.53,-4.8356,63536.72,447088.389
500,688385.SH,20220824,73.98,74.22,71.19,73.0,74.3,-1.3,-1.7497,61425.4,445931.261
501,688385.SH,20220823,68.5,76.75,68.02,74.3,68.46,5.84,8.5305,92942.25,678139.401
502,688385.SH,20220822,66.84,69.15,65.24,68.46,66.4,2.06,3.1024,72665.23,494894.985
503,688385.SH,20220819,68.1,70.0,65.78,66.4,68.63,-2.23,-3.2493,62936.28,426294.874
504,688385.SH,20220818,62.48,69.19,61.42,68.63,62.48,6.15,9.8431,105989.12,704570.311
505,688385.SH,20220817,62.36,63.3,60.21,62.48,61.95,0.53,0.8555,45944.16,282789.318
506,688385.SH,20220816,61.87,64.44,61.73,61.95,64.16,-2.21,-3.4445,57461.61,360064.108
507,688385.SH,20220815,64.43,65.68,63.0,64.16,64.91,-0.75,-1.1554,46347.26,298827.941
508,688385.SH,20220812,67.0,67.4,64.87,64.91,66.68,-1.77,-2.6545,48929.03,321324.848
509,688385.SH,20220811,64.23,68.0,63.61,66.68,64.28,2.4,3.7337,84013.92,556410.022
510,688385.SH,20220810,61.0,64.88,61.0,64.28,60.96,3.32,5.4462,89107.06,565272.112
511,688385.SH,20220809,61.6,61.98,59.2,60.96,62.31,-1.35,-2.1666,81069.1,486075.323
512,688385.SH,20220808,63.5,63.6,59.89,62.31,63.28,-0.97,-1.5329,116383.09,719409.294
513,688385.SH,20220805,61.65,63.5,60.69,63.28,60.9,2.38,3.908,128978.61,806403.236
514,688385.SH,20220804,62.34,64.25,59.95,60.9,62.8,-1.9,-3.0255,80188.84,494567.704
515,688385.SH,20220803,60.35,63.85,59.0,62.8,60.36,2.44,4.0424,66542.15,414089.798
516,688385.SH,20220802,57.16,61.6,57.16,60.36,57.99,2.37,4.0869,52928.45,315620.279
517,688385.SH,20220801,55.51,58.53,54.08,57.99,56.08,1.91,3.4058,48333.94,275983.399
518,688385.SH,20220729,58.8,58.8,55.61,56.08,58.43,-2.35,-4.0219,57817.43,327031.642
519,688385.SH,20220728,59.68,60.75,58.18,58.43,59.3,-0.87,-1.4671,41806.24,246808.291
520,688385.SH,20220727,58.61,61.17,57.64,59.3,58.9,0.4,0.6791,39491.45,235513.924
521,688385.SH,20220726,61.01,62.59,57.73,58.9,60.7,-1.8,-2.9654,55645.36,327127.662
522,688385.SH,20220725,62.0,63.88,59.53,60.7,59.48,1.22,2.0511,74632.82,460276.014
523,688385.SH,20220722,61.01,62.58,58.88,59.48,61.62,-2.14,-3.4729,34526.4,206538.94
524,688385.SH,20220721,60.07,64.5,59.3,61.62,59.79,1.83,3.0607,41653.44,261725.306
525,688385.SH,20220720,61.93,62.6,59.74,59.85,61.2,-1.35,-2.2059,23891.4,145621.934
526,688385.SH,20220719,59.5,62.77,59.5,61.2,60.16,1.04,1.7287,38949.46,238941.367
527,688385.SH,20220718,62.97,63.37,57.01,60.16,63.28,-3.12,-4.9305,76483.24,452804.719
528,688385.SH,20220715,64.04,64.88,62.23,63.28,64.42,-1.14,-1.7696,39296.46,248136.374
529,688385.SH,20220714,62.9,66.9,62.02,64.42,62.68,1.74,2.776,32585.23,211189.098
530,688385.SH,20220713,63.63,65.37,61.68,62.68,64.02,-1.34,-2.0931,34131.35,214358.556
531,688385.SH,20220712,64.29,68.0,63.49,64.02,64.66,-0.64,-0.9898,76049.99,501081.999
532,688385.SH,20220711,61.38,65.55,60.55,64.66,62.18,2.48,3.9884,55126.26,348082.967
533,688385.SH,20220708,63.29,63.85,61.38,62.18,62.99,-0.81,-1.2859,35804.62,222689.357
534,688385.SH,20220707,65.81,66.0,62.68,62.99,65.65,-2.66,-4.0518,41562.49,264272.307
535,688385.SH,20220706,62.15,67.4,60.28,65.65,62.0,3.65,5.8871,60434.9,394331.127
536,688385.SH,20220705,63.92,64.32,61.1,62.0,63.97,-1.97,-3.0796,34737.27,216226.992
537,688385.SH,20220704,62.51,64.16,60.58,63.97,63.29,0.68,1.0744,40837.75,256232.614
538,688385.SH,20220701,64.66,65.42,61.91,63.29,65.19,-1.9,-2.9146,53634.2,336958.698
539,688385.SH,20220630,63.59,66.8,63.59,65.19,64.74,0.45,0.6951,47597.26,309895.441
540,688385.SH,20220629,64.79,68.62,64.0,64.74,65.35,-0.61,-0.9334,79467.03,528851.98
541,688385.SH,20220628,63.5,66.38,62.9,65.35,62.99,2.36,3.7466,52205.82,339229.311
542,688385.SH,20220627,62.07,64.4,60.09,62.99,62.22,0.77,1.2375,74165.02,462106.59
543,688385.SH,20220624,62.1,63.6,61.0,62.22,61.4,0.82,1.3355,79865.66,495350.723
544,688385.SH,20220623,57.3,62.39,57.3,61.4,56.95,4.45,7.8139,99421.44,605092.809
545,688385.SH,20220622,53.93,58.17,53.28,56.95,53.93,3.02,5.5999,106847.35,604440.007
546,688385.SH,20220621,51.41,54.54,50.8,53.93,51.47,2.46,4.7795,73870.9,393180.733
547,688385.SH,20220620,52.22,52.52,50.21,51.47,51.5,-0.03,-0.0583,43050.49,221312.299
548,688385.SH,20220617,51.09,53.02,50.6,51.5,51.45,0.05,0.0972,38663.61,200605.704
549,688385.SH,20220616,50.97,53.1,50.41,51.45,50.71,0.74,1.4593,37633.13,195197.26
550,688385.SH,20220615,51.0,52.73,50.71,50.71,51.2,-0.49,-0.957,42945.14,221355.43
551,688385.SH,20220614,53.2,53.2,49.25,51.2,53.75,-2.55,-4.7442,67947.65,344392.523
552,688385.SH,20220613,54.19,55.6,52.97,53.75,55.05,-1.3,-2.3615,47779.88,258414.221
553,688385.SH,20220610,53.16,55.43,52.85,55.05,53.95,1.1,2.0389,66169.0,357684.549
554,688385.SH,20220609,56.65,57.03,53.25,53.95,57.17,-3.22,-5.6323,51853.14,282812.229
555,688385.SH,20220608,57.0,58.21,55.4,57.17,57.2,-0.03,-0.0524,46991.6,266782.807
556,688385.SH,20220607,57.44,58.45,55.46,57.2,57.22,-0.02,-0.035,55528.03,315507.449
557,688385.SH,20220606,53.2,58.46,53.0,57.22,52.46,4.76,9.0736,99614.67,555857.118
558,688385.SH,20220602,50.2,52.75,49.78,52.46,50.35,2.11,4.1907,57713.04,300346.71
559,688385.SH,20220601,50.77,52.66,49.92,50.35,51.29,-0.94,-1.8327,41855.06,214638.157
560,688385.SH,20220531,50.84,51.66,48.5,51.29,50.97,0.32,0.6278,46348.46,232192.904
561,688385.SH,20220530,50.35,51.4,49.28,50.97,50.25,0.72,1.4328,31435.91,159326.487
562,688385.SH,20220527,51.5,52.16,49.66,50.25,51.2,-0.95,-1.8555,39582.21,200717.823
563,688385.SH,20220526,52.65,53.35,50.85,51.2,52.58,-1.38,-2.6246,41707.06,215780.116
564,688385.SH,20220525,52.52,53.5,51.7,52.58,52.89,-0.31,-0.5861,33771.93,177670.584
565,688385.SH,20220524,55.54,55.8,52.2,52.89,55.99,-3.1,-5.5367,47846.78,257035.39
566,688385.SH,20220523,54.59,56.95,53.58,55.99,54.36,1.63,2.9985,44399.55,245472.146
567,688385.SH,20220520,52.16,54.6,51.38,54.36,52.16,2.2,4.2178,59157.15,315393.192
568,688385.SH,20220519,52.0,52.97,50.93,52.16,52.4,-0.24,-0.458,45788.46,237179.122
569,688385.SH,20220518,53.99,54.45,51.47,52.4,54.0,-1.6,-2.963,43231.29,227383.295
570,688385.SH,20220517,50.95,55.0,50.56,54.0,51.02,2.98,5.8408,54488.67,290184.19
571,688385.SH,20220516,54.02,54.85,49.99,51.02,53.52,-2.5,-4.6712,49508.16,257716.499
572,688385.SH,20220513,52.38,54.1,51.8,53.52,52.2,1.32,2.5287,38950.96,206909.762
573,688385.SH,20220512,50.77,53.95,49.19,52.2,51.67,0.53,1.0257,63910.27,329865.854
574,688385.SH,20220511,54.62,56.31,51.5,51.67,54.62,-2.95,-5.401,84000.01,448832.913
575,688385.SH,20220510,53.13,56.33,53.13,54.62,54.42,0.2,0.3675,39877.95,220107.951
576,688385.SH,20220509,56.05,57.27,54.14,54.42,57.0,-2.58,-4.5263,34299.46,190361.958
577,688385.SH,20220506,56.67,58.5,55.4,57.0,57.9,-0.9,-1.5544,27735.16,157571.65
578,688385.SH,20220505,55.1,59.88,54.81,57.9,55.54,2.36,4.2492,43480.97,252588.376
579,688385.SH,20220429,54.54,56.43,52.9,55.54,54.0,1.54,2.8519,37956.14,209481.839
580,688385.SH,20220428,56.3,56.99,52.66,54.0,57.28,-3.28,-5.7263,51855.16,281722.912
581,688385.SH,20220427,51.57,58.98,50.66,57.28,52.59,4.69,8.918,48946.59,270814.004
582,688385.SH,20220426,50.42,54.59,49.57,52.59,50.4,2.19,4.3452,44990.93,237730.014
583,688385.SH,20220425,51.78,52.95,50.25,50.4,53.23,-2.83,-5.3166,32163.67,165536.399
584,688385.SH,20220422,52.8,54.44,51.0,53.23,53.6,-0.37,-0.6903,37811.0,198688.706
585,688385.SH,20220421,54.11,55.93,53.02,53.6,54.62,-1.02,-1.8674,35491.56,192846.149
586,688385.SH,20220420,55.66,58.6,54.0,54.62,56.27,-1.65,-2.9323,65824.49,367827.188
587,688385.SH,20220419,53.0,56.38,52.0,56.27,54.02,2.25,4.1651,54064.76,292084.269
588,688385.SH,20220418,48.58,54.88,48.05,54.02,48.75,5.27,10.8103,54218.44,281024.312
589,688385.SH,20220415,48.1,50.78,47.3,48.75,49.21,-0.46,-0.9348,26212.85,128910.415
590,688385.SH,20220414,49.42,50.49,47.19,49.21,48.8,0.41,0.8402,38243.27,186420.128
591,688385.SH,20220413,51.21,51.47,48.8,48.8,51.21,-2.41,-4.7061,24555.65,122468.886
592,688385.SH,20220412,48.4,51.89,47.9,51.21,48.65,2.56,5.2621,48504.43,245268.162
593,688385.SH,20220411,49.8,50.35,47.92,48.65,51.01,-2.36,-4.6265,31066.72,152171.801
594,688385.SH,20220408,50.4,51.99,49.45,51.01,50.1,0.91,1.8164,43641.93,222030.646
595,688385.SH,20220407,51.39,51.87,50.0,50.1,52.02,-1.92,-3.6909,36711.94,186620.717
596,688385.SH,20220406,52.8,53.33,49.91,52.02,52.8,-0.78,-1.4773,89246.88,459242.542
597,688385.SH,20220401,48.2,54.19,48.2,52.8,45.16,7.64,16.9176,149973.2,785308.869
598,688385.SH,20220331,44.78,47.6,44.43,45.16,45.06,0.1,0.2219,39399.28,181751.09
599,688385.SH,20220330,42.5,45.29,42.5,45.06,42.42,2.64,6.2235,30135.3,133260.907
600,688385.SH,20220329,45.0,45.19,42.34,42.42,45.12,-2.7,-5.984,30246.25,131721.067
601,688385.SH,20220328,44.8,45.38,42.98,45.12,44.79,0.33,0.7368,29617.93,130032.458
602,688385.SH,20220325,45.35,46.2,44.1,44.79,45.36,-0.57,-1.2566,25540.39,114931.237
603,688385.SH,20220324,46.05,46.58,45.22,45.36,46.3,-0.94,-2.0302,22897.44,104568.928
604,688385.SH,20220323,46.82,46.83,45.11,46.3,46.61,-0.31,-0.6651,29866.25,137023.622
605,688385.SH,20220322,46.82,47.5,45.83,46.61,46.9,-0.29,-0.6183,29052.01,134975.469
606,688385.SH,20220321,45.01,47.48,43.78,46.9,45.02,1.88,4.1759,60193.2,279066.064
607,688385.SH,20220318,44.0,45.4,43.12,45.02,44.77,0.25,0.5584,34689.34,153268.383
608,688385.SH,20220317,45.58,47.6,44.36,44.77,45.58,-0.81,-1.7771,53987.5,248783.142
609,688385.SH,20220316,45.0,45.91,41.9,45.58,45.0,0.58,1.2889,71767.72,316139.375
610,688385.SH,20220315,44.94,46.88,43.52,45.0,45.21,-0.21,-0.4645,61394.65,278500.836
611,688385.SH,20220314,45.42,47.78,43.88,45.21,45.42,-0.21,-0.4624,59747.87,273447.859
612,688385.SH,20220311,43.21,45.52,43.05,45.42,44.1,1.32,2.9932,47604.53,213460.18
613,688385.SH,20220310,45.0,45.49,43.85,44.1,43.49,0.61,1.4026,63603.28,283081.52
614,688385.SH,20220309,41.84,43.56,40.8,43.49,41.7,1.79,4.2926,66719.41,284785.913
615,688385.SH,20220308,41.5,42.99,41.07,41.7,41.63,0.07,0.1681,62498.32,262884.246
616,688385.SH,20220307,41.33,42.49,41.3,41.63,42.03,-0.4,-0.9517,26535.89,111023.9
617,688385.SH,20220304,41.87,43.21,41.46,42.03,42.41,-0.38,-0.896,31121.71,131857.403
618,688385.SH,20220303,43.19,43.6,41.91,42.41,43.4,-0.99,-2.2811,39058.56,165615.126
619,688385.SH,20220302,42.55,44.01,41.88,43.4,43.0,0.4,0.9302,47032.69,201850.183
620,688385.SH,20220301,40.67,43.09,40.66,43.0,40.75,2.25,5.5215,66525.32,278308.704
621,688385.SH,20220228,40.02,41.48,39.78,40.75,40.0,0.75,1.875,41109.46,167354.358
622,688385.SH,20220225,40.59,41.27,39.71,40.0,39.39,0.61,1.5486,62462.77,252873.13
623,688385.SH,20220224,38.9,40.35,38.51,39.39,38.93,0.46,1.1816,71155.7,281057.729
624,688385.SH,20220223,37.36,39.64,37.36,38.93,37.29,1.64,4.398,66123.24,257606.137
625,688385.SH,20220222,37.24,37.97,36.34,37.29,37.56,-0.27,-0.7188,23993.9,88873.917
626,688385.SH,20220221,37.79,37.94,37.15,37.56,37.56,0.0,0.0,16957.27,63512.323
627,688385.SH,20220218,37.49,37.59,36.85,37.56,37.69,-0.13,-0.3449,26435.53,98233.202
628,688385.SH,20220217,37.8,38.65,37.5,37.69,38.21,-0.52,-1.3609,26501.55,100742.996
629,688385.SH,20220216,38.76,38.77,37.81,38.21,37.99,0.22,0.5791,20754.75,79200.749
630,688385.SH,20220215,36.08,38.0,36.07,37.99,36.33,1.66,4.5692,33643.72,125701.285
631,688385.SH,20220214,35.68,37.0,35.0,36.33,36.1,0.23,0.6371,19521.87,70890.46
632,688385.SH,20220211,37.5,37.83,35.99,36.1,37.53,-1.43,-3.8103,35377.29,129253.2
633,688385.SH,20220210,38.55,39.14,37.21,37.53,38.29,-0.76,-1.9849,33940.11,128501.523
634,688385.SH,20220209,38.74,38.95,37.3,38.29,38.69,-0.4,-1.0339,33784.07,128259.839
635,688385.SH,20220208,37.48,39.28,37.11,38.69,37.48,1.21,3.2284,45818.82,175823.736
636,688385.SH,20220207,39.45,39.45,36.91,37.48,39.22,-1.74,-4.4365,59717.22,224404.659
637,688385.SH,20220128,40.11,40.77,38.49,39.22,39.26,-0.04,-0.1019,25874.43,102156.252
638,688385.SH,20220127,40.02,41.12,39.08,39.26,40.71,-1.45,-3.5618,18585.02,73733.575
639,688385.SH,20220126,40.31,41.5,39.1,40.71,40.92,-0.21,-0.5132,17852.99,72128.274
640,688385.SH,20220125,40.92,41.54,39.8,40.92,40.95,-0.03,-0.0733,18051.21,73124.619
641,688385.SH,20220124,40.5,41.28,40.21,40.95,40.41,0.54,1.3363,12356.1,50392.187
642,688385.SH,20220121,40.9,41.58,39.9,40.41,41.16,-0.75,-1.8222,35884.68,144976.855
643,688385.SH,20220120,42.85,43.35,40.97,41.16,42.99,-1.83,-4.2568,28377.42,118742.639
644,688385.SH,20220119,44.49,45.0,42.5,42.99,44.49,-1.5,-3.3715,24053.37,103861.014
645,688385.SH,20220118,45.48,45.93,44.2,44.49,45.43,-0.94,-2.0691,19267.26,86903.54
646,688385.SH,20220117,44.7,45.48,44.02,45.43,44.35,1.08,2.4352,16578.48,74538.6
647,688385.SH,20220114,43.75,45.18,43.62,44.35,44.14,0.21,0.4758,14428.62,64336.994
648,688385.SH,20220113,43.88,44.66,43.7,44.14,44.39,-0.25,-0.5632,13486.48,59619.022
649,688385.SH,20220112,43.19,44.73,43.0,44.39,42.84,1.55,3.6181,24872.62,109528.297
650,688385.SH,20220111,43.44,44.3,42.69,42.84,43.61,-0.77,-1.7657,20677.95,89801.184
651,688385.SH,20220110,43.67,44.38,42.6,43.61,43.6,0.01,0.0229,23573.01,102774.856
652,688385.SH,20220107,44.99,45.45,43.0,43.6,44.99,-1.39,-3.0896,25121.48,110328.057
653,688385.SH,20220106,45.19,45.95,44.01,44.99,45.44,-0.45,-0.9903,25002.57,112222.604
654,688385.SH,20220105,48.65,48.75,45.25,45.44,48.46,-3.02,-6.2319,37734.09,174040.635
655,688385.SH,20220104,50.3,50.53,48.33,48.46,50.34,-1.88,-3.7346,24503.13,119689.773
656,688385.SH,20211231,51.4,51.4,49.2,50.34,51.0,-0.66,-1.2941,22138.08,111170.063
657,688385.SH,20211230,50.1,52.29,49.68,51.0,50.1,0.9,1.7964,34456.76,176640.951
658,688385.SH,20211229,50.9,51.29,49.62,50.1,51.15,-1.05,-2.0528,18939.24,95199.529
659,688385.SH,20211228,52.47,52.47,50.89,51.15,52.19,-1.04,-1.9927,22119.16,113523.321
660,688385.SH,20211227,49.37,52.38,49.37,52.19,50.16,2.03,4.047,27812.37,143630.776
661,688385.SH,20211224,52.43,53.1,49.8,50.16,53.02,-2.86,-5.3942,27114.94,137910.817
662,688385.SH,20211223,52.9,53.35,52.28,53.02,53.07,-0.05,-0.0942,17804.15,94077.211
663,688385.SH,20211222,50.43,53.31,50.2,53.07,50.42,2.65,5.2559,38884.46,204679.207
664,688385.SH,20211221,47.7,50.97,47.7,50.42,47.82,2.6,5.4371,24495.8,120342.402
665,688385.SH,20211220,49.11,49.9,47.74,47.82,49.11,-1.29,-2.6268,20966.76,101658.451
666,688385.SH,20211217,52.08,52.5,49.1,49.11,52.77,-3.66,-6.9358,35987.97,180672.62
667,688385.SH,20211216,52.39,53.46,51.88,52.77,52.3,0.47,0.8987,30139.48,158544.287
668,688385.SH,20211215,51.05,53.62,50.87,52.3,51.26,1.04,2.0289,29947.61,157657.95
669,688385.SH,20211214,49.52,51.49,49.52,51.26,50.27,0.99,1.9694,19817.98,100542.439
670,688385.SH,20211213,49.41,50.68,49.41,50.27,49.8,0.47,0.9438,16346.63,81994.861
671,688385.SH,20211210,49.79,50.98,49.3,49.8,49.64,0.16,0.3223,18421.12,92293.18
672,688385.SH,20211209,49.0,49.82,48.42,49.64,49.1,0.54,1.0998,23602.94,116309.359
673,688385.SH,20211208,48.03,49.78,48.0,49.1,48.03,1.07,2.2278,27372.02,134357.802
674,688385.SH,20211207,51.01,51.01,47.43,48.03,50.09,-2.06,-4.1126,42886.32,208283.953
675,688385.SH,20211206,51.71,52.0,49.66,50.09,52.14,-2.05,-3.9317,37495.11,188800.791
676,688385.SH,20211203,52.1,53.78,51.7,52.14,51.93,0.21,0.4044,36304.04,190130.646
677,688385.SH,20211202,52.53,53.4,50.81,51.93,53.2,-1.27,-2.3872,33297.77,172606.256
678,688385.SH,20211201,54.51,55.86,52.55,53.2,54.54,-1.34,-2.4569,37068.64,199422.213
679,688385.SH,20211130,52.91,56.0,52.9,54.54,52.57,1.97,3.7474,48020.18,262687.655
680,688385.SH,20211129,50.93,52.95,50.68,52.57,51.81,0.76,1.4669,30849.43,161075.114
681,688385.SH,20211126,54.1,54.66,51.63,51.81,54.4,-2.59,-4.761,45147.17,237124.111
682,688385.SH,20211125,54.5,55.38,52.8,54.4,53.97,0.43,0.7967,36778.12,198837.958
683,688385.SH,20211124,54.29,57.88,53.57,53.97,54.4,-0.43,-0.7904,68936.55,383512.755
684,688385.SH,20211123,52.89,54.97,52.16,54.4,52.9,1.5,2.8355,64313.59,346616.348
685,688385.SH,20211122,49.38,53.53,49.38,52.9,49.51,3.39,6.8471,66784.42,349336.44
686,688385.SH,20211119,49.9,50.98,49.42,49.51,50.06,-0.55,-1.0987,33346.96,166965.894
687,688385.SH,20211118,52.08,52.88,49.79,50.06,52.75,-2.69,-5.0995,44420.52,226560.106
688,688385.SH,20211117,50.3,54.13,50.23,52.75,51.0,1.75,3.4314,56587.82,295682.189
689,688385.SH,20211116,51.0,51.14,48.41,51.0,51.01,-0.01,-0.0196,49666.13,247103.846
690,688385.SH,20211115,49.99,51.79,49.11,51.01,50.27,0.74,1.4721,52779.66,266583.224
691,688385.SH,20211112,49.89,51.45,49.5,50.27,50.19,0.08,0.1594,55793.88,281214.972
692,688385.SH,20211111,47.91,52.52,47.5,50.19,48.05,2.14,4.4537,87245.92,437422.076
693,688385.SH,20211110,48.92,48.97,47.2,48.05,48.16,-0.11,-0.2284,42155.68,202139.05
694,688385.SH,20211109,45.31,48.81,44.8,48.16,45.22,2.94,6.5015,88775.53,420108.621
695,688385.SH,20211108,45.63,45.63,42.51,45.22,46.05,-0.83,-1.8024,66048.0,290713.482
696,688385.SH,20211105,46.49,48.34,45.54,46.05,45.96,0.09,0.1958,46122.74,215199.004
697,688385.SH,20211104,46.89,47.48,45.41,45.96,46.67,-0.71,-1.5213,53395.99,247404.452
698,688385.SH,20211103,48.23,49.4,46.4,46.67,48.14,-1.47,-3.0536,44013.9,208924.522
699,688385.SH,20211102,48.3,49.0,46.66,48.14,47.82,0.32,0.6692,60552.98,290483.116
700,688385.SH,20211101,45.96,48.3,45.83,47.82,46.45,1.37,2.9494,56838.29,269531.871
701,688385.SH,20211029,45.27,48.56,45.2,46.45,45.33,1.12,2.4708,72262.1,340955.851
702,688385.SH,20211028,48.93,48.93,44.76,45.33,48.6,-3.27,-6.7284,91785.45,422373.155
703,688385.SH,20211027,50.8,50.95,47.5,48.6,50.78,-2.18,-4.293,96602.43,473246.512
704,688385.SH,20211026,47.5,51.63,46.01,50.78,43.6,7.18,16.4679,168165.23,822494.683
705,688385.SH,20211025,42.5,43.6,41.81,43.6,42.71,0.89,2.0838,34769.78,148514.646
706,688385.SH,20211022,43.41,44.26,42.41,42.71,43.41,-0.7,-1.6125,40330.37,174464.288
707,688385.SH,20211021,44.88,44.88,43.03,43.41,44.24,-0.83,-1.8761,44076.34,191833.383
708,688385.SH,20211020,43.16,44.56,42.84,44.24,42.9,1.34,3.1235,56209.2,246795.355
709,688385.SH,20211019,42.7,44.99,42.49,42.9,43.07,-0.17,-0.3947,75332.87,329344.852
710,688385.SH,20211018,41.25,43.18,40.32,43.07,41.69,1.38,3.3101,72903.23,306037.514
711,688385.SH,20211015,38.71,42.2,38.09,41.69,38.17,3.52,9.2219,82962.52,339954.594
712,688385.SH,20211014,38.58,39.15,38.02,38.17,38.49,-0.32,-0.8314,17325.27,66683.724
713,688385.SH,20211013,37.0,38.7,36.66,38.49,37.0,1.49,4.027,30717.99,116530.291
714,688385.SH,20211012,39.52,39.52,36.0,37.0,39.52,-2.52,-6.3765,43976.99,164682.804
715,688385.SH,20211011,39.41,40.18,39.2,39.52,39.45,0.07,0.1774,21366.84,84644.359
716,688385.SH,20211008,39.2,40.14,38.92,39.45,38.55,0.9,2.3346,30587.54,120662.843
717,688385.SH,20210930,38.69,38.88,38.2,38.55,38.22,0.33,0.8634,21708.32,83661.128
718,688385.SH,20210929,38.92,39.68,37.9,38.22,39.75,-1.53,-3.8491,33054.15,127685.767
719,688385.SH,20210928,38.67,40.66,38.67,39.75,38.99,0.76,1.9492,47871.67,190818.729
720,688385.SH,20210927,37.1,40.7,37.1,38.99,37.55,1.44,3.8349,68149.09,267109.515
721,688385.SH,20210924,38.6,39.69,37.4,37.55,38.8,-1.25,-3.2216,46849.16,181486.239
722,688385.SH,20210923,39.01,39.63,38.3,38.8,38.99,-0.19,-0.4873,41985.8,163441.621
723,688385.SH,20210922,37.6,39.64,36.82,38.99,37.78,1.21,3.2028,61831.18,239855.128
724,688385.SH,20210917,36.89,38.28,36.84,37.78,36.78,1.0,2.7189,42103.23,157873.009
725,688385.SH,20210916,38.8,39.26,36.45,36.78,39.0,-2.22,-5.6923,63079.04,237782.082
726,688385.SH,20210915,40.25,40.25,38.66,39.0,40.16,-1.16,-2.8884,51058.96,200238.627
727,688385.SH,20210914,40.51,41.36,39.84,40.16,40.9,-0.74,-1.8093,46463.13,188574.776
728,688385.SH,20210913,42.77,42.77,40.88,40.9,43.07,-2.17,-5.0383,55143.73,228183.062
729,688385.SH,20210910,43.3,44.23,42.27,43.07,42.85,0.22,0.5134,50638.57,219284.543
730,688385.SH,20210909,45.6,45.6,42.8,42.85,45.65,-2.8,-6.1336,83081.01,362947.386
731,688385.SH,20210908,45.8,46.25,45.3,45.65,45.67,-0.02,-0.0438,31933.27,146088.674
732,688385.SH,20210907,46.11,46.7,45.66,45.67,46.6,-0.93,-1.9957,34908.43,160665.841
733,688385.SH,20210906,45.31,46.66,45.22,46.6,45.45,1.15,2.5303,46791.48,215515.208
734,688385.SH,20210903,45.22,45.95,44.3,45.45,45.22,0.23,0.5086,47661.91,215078.597
735,688385.SH,20210902,47.21,47.31,44.85,45.22,47.33,-2.11,-4.4581,72734.75,332000.434
736,688385.SH,20210901,46.95,48.12,45.88,47.33,47.1,0.23,0.4883,51454.55,242848.302
737,688385.SH,20210831,46.01,47.3,45.13,47.1,45.97,1.13,2.4581,51106.22,236898.138
738,688385.SH,20210830,47.6,48.46,45.8,45.97,47.86,-1.89,-3.949,79080.61,371195.544
739,688385.SH,20210827,49.46,50.1,47.1,47.86,49.46,-1.6,-3.2349,92123.67,443142.485
740,688385.SH,20210826,51.4,51.97,49.33,49.46,51.9,-2.44,-4.7013,61735.23,312220.389
741,688385.SH,20210825,52.9,54.9,51.0,51.9,52.12,-0.22,-0.4221,95722.96,503808.25
742,688385.SH,20210824,51.5,53.08,50.52,52.12,51.89,0.23,0.4432,105383.37,543807.077
743,688385.SH,20210823,50.58,53.49,49.3,51.89,50.42,1.47,2.9155,120533.27,628475.118
744,688385.SH,20210820,48.3,51.55,48.0,50.42,48.9,1.52,3.1084,100338.97,503640.184
745,688385.SH,20210819,47.81,49.9,46.58,48.9,48.7,0.2,0.4107,73251.38,355233.693
746,688385.SH,20210818,48.88,50.9,48.3,48.7,48.8,-0.1,-0.2049,74168.64,365370.597
747,688385.SH,20210817,49.2,51.71,48.51,48.8,47.85,0.95,1.9854,111029.48,556379.752
748,688385.SH,20210816,48.01,50.99,45.72,47.85,49.02,-1.17,-2.3868,140147.03,680562.008
749,688385.SH,20210813,53.89,53.89,48.81,49.02,54.13,-5.11,-9.4402,166083.53,843736.979
750,688385.SH,20210812,53.05,55.66,52.61,54.13,53.49,0.64,1.1965,111972.15,607265.414
751,688385.SH,20210811,52.31,54.49,52.2,53.49,52.9,0.59,1.1153,94152.12,501200.781
752,688385.SH,20210810,54.5,55.0,51.6,52.9,55.19,-2.29,-4.1493,137643.73,732951.689
753,688385.SH,20210809,53.2,56.88,51.81,55.19,55.18,0.01,0.0181,162985.06,882817.965
754,688385.SH,20210806,58.18,60.98,54.3,55.18,58.3,-3.12,-5.3516,269899.78,1546378.509
755,688385.SH,20210805,54.53,62.2,52.02,58.3,55.9,2.4,4.2934,393699.82,2223264.525
756,688385.SH,20210804,53.51,58.2,50.65,55.9,6.23,49.67,797.2713,607127.46,3247786.33
